Workbook

Sheet WBS
A1: AX 코칭 플랫폼 · WBS
A2: 기준일 2026-10-17 · 상태·진척률·날짜는 직접 고쳐 쓰세요. 단계 행과 '요약' 시트는 자동으로 다시 계산됩니다.
A4: ID | B4: 단계 | C4: 작업 | D4: 세부 내용 | E4: 담당 | F4: 시작일 | G4: 완료일 | H4: 상태 | I4: 진척률 | J4: 산출물·PR | K4: 메모
A5: 1 | B5: 기획·설계 | C5: 기획·설계 | I5: =IFERROR(AVERAGE(I6:I8),0)
A6: 1.1 | B6: 기획·설계 | C6: 서비스 기획서·하네스 설계서 | D6: 과제 4개(사업계획·상품기획·브랜딩·마케팅), 적응형 질문, 사실·가정 분리 원칙 | E6: 공동 | G6: 2026-10-15 | H6: 완료 | I6: 1 | J6: docs/planning
A7: 1.2 | B7: 기획·설계 | C7: 개발 기반 설계 | D7: FastAPI 하네스 구조, API 계약, 테스트 전략 | E7: 개발 | F7: 2026-10-15 | G7: 2026-10-15 | H7: 완료 | I7: 1 | J7: 기반 설계 문서
A8: 1.3 | B8: 기획·설계 | C8: 디자인 V2 반영 설계 | D8: V2 화면 흐름, 묶음 0~4로 작업 나누기 | E8: 개발 | F8: 2026-10-16 | G8: 2026-10-16 | H8: 완료 | I8: 1 | J8: PR #11
A9: 2 | B9: 백엔드 기반 | C9: 백엔드 기반(하네스·API) | I9: =IFERROR(AVERAGE(I10:I17),0)
A10: 2.1 | B10: 백엔드 기반 | C10: 세션 상태 모델 | D10: 사실·가정·미정 구분, 정보 출처 표시 | E10: 개발 | F10: 2026-10-15 | G10: 2026-10-16 | H10: 완료 | I10: 1 | J10: PR #1
A11: 2.2 | B11: 백엔드 기반 | C11: AI 모델 연결 자리·Mock | D11: 비용 없이 개발·테스트하는 가짜 모델 | E11: 개발 | F11: 2026-10-15 | G11: 2026-10-16 | H11: 완료 | I11: 1 | J11: PR #2
A12: 2.3 | B12: 백엔드 기반 | C12: 과제 정책·프롬프트 틀 | D12: 과제별 질문 정책(policy.yaml), 단계별 프롬프트 | E12: 개발 | F12: 2026-10-16 | G12: 2026-10-16 | H12: 완료 | I12: 1 | J12: PR #3
A13: 2.4 | B13: 백엔드 기반 | C13: 질문 진행 흐름 | D13: 모드별 질문 상한, '다른 예시 보기' 단계 | E13: 개발 | F13: 2026-10-16 | G13: 2026-10-16 | H13: 완료 | I13: 1 | J13: PR #4
A14: 2.5 | B14: 백엔드 기반 | C14: 결과 생성·검증·시나리오 실행 | E14: 개발 | F14: 2026-10-16 | G14: 2026-10-16 | H14: 완료 | I14: 1 | J14: PR #5
A15: 2.6 | B15: 백엔드 기반 | C15: 과제 4개 하네스 | D15: 과제별 정책·프롬프트·검증 규칙 | E15: 개발 | F15: 2026-10-16 | G15: 2026-10-16 | H15: 완료 | I15: 1 | J15: PR #6
A16: 2.7 | B16: 백엔드 기반 | C16: 코칭 API | D16: 한국어 오류 문구, API 문서 | E16: 개발 | F16: 2026-10-16 | G16: 2026-10-16 | H16: 완료 | I16: 1 | J16: PR #7
A17: 2.8 | B17: 백엔드 기반 | C17: 첫 화면·개발 문서·리뷰 수정 | D17: API에 맞춘 최소 화면, 개발 안내(CLAUDE.md) | E17: 개발 | F17: 2026-10-16 | G17: 2026-10-16 | H17: 완료 | I17: 1 | J17: PR #8~#10
A18: 3 | B18: 디자인 | C18: 디자인 | I18: =IFERROR(AVERAGE(I19:I22),0)
A19: 3.1 | B19: 디자인 | C19: UX V2 프로토타입 | D19: 전체 화면 흐름 HTML 프로토타입 | E19: 디자인 | G19: 2026-10-16 | H19: 완료 | I19: 1 | J19: design/2026-10-16-ux-v2
A20: 3.2 | B20: 디자인 | C20: V2 피드백 반영 수정본 | D20: 모든 질문에 '다른 예시 보기', 모드 설명, 이미지 블록, 생성 중·실패·최신 아님 상태 | E20: 디자인 | F20: 2026-10-17 | G20: 2026-10-17 | H20: 완료 | I20: 1 | J20: design/2026-10-17-ux-v2-feedback
A21: 3.3 | B21: 디자인 | C21: 모바일 390px 화면 검수 | D21: 반응형 자동 배치 확인 | E21: 디자인 | H21: 예정 | I21: 0
A22: 3.4 | B22: 디자인 | C22: 개발 화면 피그마로 가져와 다듬기 | D22: /preview 화면을 html.to.design으로 가져와 수정 | E22: 디자인 | H22: 예정 | I22: 0
A23: 4 | B23: 화면 개발(V2) | C23: 디자인 V2 화면 개발 | I23: =IFERROR(AVERAGE(I24:I30),0)
A24: 4.1 | B24: 화면 개발(V2) | C24: 묶음 0: 디자인 토큰·앱 뼈대·미리보기 갤러리 | D24: 버셀 배포 설정 포함 | E24: 개발 | F24: 2026-10-16 | G24: 2026-10-16 | H24: 완료 | I24: 1 | J24: PR #12
A25: 4.2 | B25: 화면 개발(V2) | C25: 묶음 1: 질문 흐름 화면(홈~결과) | D25: 답변 종류, 흐름 패널, 익명 사용자 | E25: 개발 | F25: 2026-10-17 | G25: 2026-10-17 | H25: 완료 | I25: 1 | J25: PR #13
A26: 4.3 | B26: 화면 개발(V2) | C26: 묶음 2: 저장·버전·내 작업·결과물 | D26: 서버 저장(SQLite), 문서 내려받기 | E26: 개발 | F26: 2026-10-17 | G26: 2026-10-17 | H26: 완료 | I26: 1 | J26: PR #14
A27: 4.4 | B27: 화면 개발(V2) | C27: 묶음 3a: 문구 수정·미확인 정보 보완 | D27: 결과를 섹션·블록으로 | E27: 개발 | F27: 2026-10-17 | G27: 2026-10-17 | H27: 완료 | I27: 1 | J27: PR #15
A28: 4.5 | B28: 화면 개발(V2) | C28: 묶음 3b: 근거 자료 검토·결과 이미지 | D28: 샘플 근거 자료, 자리표시 이미지 | E28: 개발 | F28: 2026-10-17 | G28: 2026-10-17 | H28: 완료 | I28: 1 | J28: PR #16
A29: 4.6 | B29: 화면 개발(V2) | C29: 디자인 피드백 반영 | D29: 생성 중·생성 실패 화면, 최신 아님 배너, 이미지 상자, 모드 설명 | E29: 개발 | F29: 2026-10-17 | G29: 2026-10-17 | H29: 완료 | I29: 1 | J29: PR #17
A30: 4.7 | B30: 화면 개발(V2) | C30: 묶음 4: 다음 과제로 이어가기 | D30: 이전 결과를 다음 과제의 기준으로 가져오기 | E30: 개발 | H30: 예정 | I30: 0
A31: 5 | B31: 배포 | C31: 배포 | I31: =IFERROR(AVERAGE(I32:I33),0)
A32: 5.1 | B32: 배포 | C32: 프론트 버셀 연결 | D32: main은 정식 주소, PR마다 미리보기 주소 | E32: 개발 | H32: 예정 | I32: 0
A33: 5.2 | B33: 배포 | C33: 백엔드 서버 배포(렌더) | D33: 저장 디스크 방식 정하기, 프론트와 연결 | E33: 개발 | H33: 예정 | I33: 0
A34: 6 | B34: 실제 AI 연결 | C34: 실제 AI 연결·튜닝 | I34: =IFERROR(AVERAGE(I35:I37),0)
A35: 6.1 | B35: 실제 AI 연결 | C35: Claude 모델 연결 | D35: 가짜 모델(Mock) 대신 실제 모델 | E35: 개발 | H35: 예정 | I35: 0
A36: 6.2 | B36: 실제 AI 연결 | C36: 과제별 질문·결과 품질 튜닝 | D36: 준비도 기준·항목 가중치·프롬프트를 시나리오로 측정 | E36: 개발 | H36: 예정 | I36: 0
A37: 6.3 | B37: 실제 AI 연결 | C37: 이미지 생성·웹 검색 근거 연결 | D37: 지금의 자리표시·샘플 자리에 실제 기능 연결 | E37: 개발 | H37: 예정 | I37: 0
A38: 7 | B38: 마무리 | C38: 평가·발표 | I38: =IFERROR(AVERAGE(I39:I40),0)
A39: 7.1 | B39: 마무리 | C39: 사용성 확인·평가 지표 측정 | D39: 필수정보 충족률, 질문 효율, 가정 표시율 등(기획서 14장) | E39: 공동 | H39: 예정 | I39: 0
A40: 7.2 | B40: 마무리 | C40: 최종 발표 자료 | E40: 공동 | H40: 예정 | I40: 0

Sheet 요약
A1: 단계별 진척 요약
A3: 단계 | B3: 작업 수 | C3: 완료 | D3: 진행 중 | E3: 예정 | F3: 평균 진척률
A4: 기획·설계 | B4: =COUNTIFS(WBS!$B$5:$B$40,A4,WBS!$H$5:$H$40,"<>") | C4: =COUNTIFS(WBS!$B$5:$B$40,A4,WBS!$H$5:$H$40,"완료") | D4: =COUNTIFS(WBS!$B$5:$B$40,A4,WBS!$H$5:$H$40,"진행 중") | E4: =COUNTIFS(WBS!$B$5:$B$40,A4,WBS!$H$5:$H$40,"예정") | F4: =IFERROR(AVERAGEIFS(WBS!$I$5:$I$40,WBS!$B$5:$B$40,A4,WBS!$H$5:$H$40,"<>"),0)
A5: 백엔드 기반 | B5: =COUNTIFS(WBS!$B$5:$B$40,A5,WBS!$H$5:$H$40,"<>") | C5: =COUNTIFS(WBS!$B$5:$B$40,A5,WBS!$H$5:$H$40,"완료") | D5: =COUNTIFS(WBS!$B$5:$B$40,A5,WBS!$H$5:$H$40,"진행 중") | E5: =COUNTIFS(WBS!$B$5:$B$40,A5,WBS!$H$5:$H$40,"예정") | F5: =IFERROR(AVERAGEIFS(WBS!$I$5:$I$40,WBS!$B$5:$B$40,A5,WBS!$H$5:$H$40,"<>"),0)
A6: 디자인 | B6: =COUNTIFS(WBS!$B$5:$B$40,A6,WBS!$H$5:$H$40,"<>") | C6: =COUNTIFS(WBS!$B$5:$B$40,A6,WBS!$H$5:$H$40,"완료") | D6: =COUNTIFS(WBS!$B$5:$B$40,A6,WBS!$H$5:$H$40,"진행 중") | E6: =COUNTIFS(WBS!$B$5:$B$40,A6,WBS!$H$5:$H$40,"예정") | F6: =IFERROR(AVERAGEIFS(WBS!$I$5:$I$40,WBS!$B$5:$B$40,A6,WBS!$H$5:$H$40,"<>"),0)
A7: 화면 개발(V2) | B7: =COUNTIFS(WBS!$B$5:$B$40,A7,WBS!$H$5:$H$40,"<>") | C7: =COUNTIFS(WBS!$B$5:$B$40,A7,WBS!$H$5:$H$40,"완료") | D7: =COUNTIFS(WBS!$B$5:$B$40,A7,WBS!$H$5:$H$40,"진행 중") | E7: =COUNTIFS(WBS!$B$5:$B$40,A7,WBS!$H$5:$H$40,"예정") | F7: =IFERROR(AVERAGEIFS(WBS!$I$5:$I$40,WBS!$B$5:$B$40,A7,WBS!$H$5:$H$40,"<>"),0)
A8: 배포 | B8: =COUNTIFS(WBS!$B$5:$B$40,A8,WBS!$H$5:$H$40,"<>") | C8: =COUNTIFS(WBS!$B$5:$B$40,A8,WBS!$H$5:$H$40,"완료") | D8: =COUNTIFS(WBS!$B$5:$B$40,A8,WBS!$H$5:$H$40,"진행 중") | E8: =COUNTIFS(WBS!$B$5:$B$40,A8,WBS!$H$5:$H$40,"예정") | F8: =IFERROR(AVERAGEIFS(WBS!$I$5:$I$40,WBS!$B$5:$B$40,A8,WBS!$H$5:$H$40,"<>"),0)
A9: 실제 AI 연결 | B9: =COUNTIFS(WBS!$B$5:$B$40,A9,WBS!$H$5:$H$40,"<>") | C9: =COUNTIFS(WBS!$B$5:$B$40,A9,WBS!$H$5:$H$40,"완료") | D9: =COUNTIFS(WBS!$B$5:$B$40,A9,WBS!$H$5:$H$40,"진행 중") | E9: =COUNTIFS(WBS!$B$5:$B$40,A9,WBS!$H$5:$H$40,"예정") | F9: =IFERROR(AVERAGEIFS(WBS!$I$5:$I$40,WBS!$B$5:$B$40,A9,WBS!$H$5:$H$40,"<>"),0)
A10: 마무리 | B10: =COUNTIFS(WBS!$B$5:$B$40,A10,WBS!$H$5:$H$40,"<>") | C10: =COUNTIFS(WBS!$B$5:$B$40,A10,WBS!$H$5:$H$40,"완료") | D10: =COUNTIFS(WBS!$B$5:$B$40,A10,WBS!$H$5:$H$40,"진행 중") | E10: =COUNTIFS(WBS!$B$5:$B$40,A10,WBS!$H$5:$H$40,"예정") | F10: =IFERROR(AVERAGEIFS(WBS!$I$5:$I$40,WBS!$B$5:$B$40,A10,WBS!$H$5:$H$40,"<>"),0)
A11: 전체 | B11: =SUM(B4:B10) | C11: =SUM(C4:C10) | D11: =SUM(D4:D10) | E11: =SUM(E4:E10) | F11: =IFERROR(AVERAGEIFS(WBS!$I$5:$I$40,WBS!$H$5:$H$40,"<>"),0)
A13: 상태가 비어 있는 행(단계 제목)은 세지 않습니다.
